ID,姓名,邮箱,日期
5426,吴刚,pdrkuzea@126.com,2024-04-23
664,徐军,pqrlgebe@163.com,2022-12-01
8088,吴桂英,hvihhrph@163.com,2021-07-30
2312,朱桂英,bvwdrxha@yahoo.com,2022-07-09
4644,周超,wdimccgh@gmail.com,2021-02-27
469,王涛,oshqhnnv@yahoo.com,2020-03-13
9715,郭艳,tbjhclxt@163.com,2023-12-04
5631,朱娜,qbhmrsmk@yahoo.com,2021-09-15
1565,高伟,eifndnxn@gmail.com,2024-01-20
6178,陈霞,bxfeaxcc@sina.com,2021-01-19
9273,赵洋,rcqgigyt@outlook.com,2023-09-30
500,陈强,irzljjto@126.com,2021-12-29
2399,陈桂英,fnifzmzf@qq.com,2022-04-17
3099,孙霞,qlrlxveb@outlook.com,2020-12-12
1583,徐秀英,ossgmrod@126.com,2023-04-20
5279,徐桂英,dzesqbpx@163.com,2020-01-08
5636,黄平,appzoior@outlook.com,2024-05-28
147,朱超,teafbapr@outlook.com,2024-05-10
6782,马勇,tjukwzgm@hotmail.com,2020-02-28
6330,李艳,yydqprre@qq.com,2022-06-12
2189,张静,rxtgamez@hotmail.com,2021-11-13
2584,黄超,nfuypmrf@yahoo.com,2023-11-25
7384,周明,gqeguuqh@yahoo.com,2020-10-25
7124,刘明,ivtiqeyy@hotmail.com,2020-02-25
3001,胡娜,mdfxkghh@hotmail.com,2021-10-07
7611,高明,wuysvuxp@qq.com,2021-08-16
5140,吴军,cjvreihp@126.com,2022-01-13
1106,吴静,cmrbfoql@yahoo.com,2020-10-19
8823,罗霞,lchudfvs@163.com,2020-03-13
527,马军,gikfsrnz@126.com,2022-04-11
5903,何杰,skivcmhe@sina.com,2024-03-15
7299,陈军,roxgrspg@outlook.com,2023-09-02
1906,高伟,sitpguri@163.com,2020-06-08
2704,王平,bngpxodq@qq.com,2023-01-17
9404,吴洋,apglchae@sina.com,2023-01-24
7233,刘刚,yhknakjf@163.com,2020-01-04
6298,徐艳,nvbonvwl@yahoo.com,2023-09-29
858,周明,ecsvikkt@163.com,2020-01-20
6299,刘丽,tuqncqsn@126.com,2023-01-30
5866,孙伟,kkcerqum@yahoo.com,2021-09-28
9289,李伟,tgoerxyz@yahoo.com,2020-10-07
8203,马磊,lclzcvwb@outlook.com,2021-05-30
8777,徐刚,cdrpufrw@hotmail.com,2020-09-27
8336,马秀英,eetutlva@outlook.com,2020-05-04
928,黄艳,jvgyckgf@gmail.com,2023-01-07
2728,黄涛,qsubmerq@outlook.com,2022-03-07
8785,胡刚,xygbaism@qq.com,2024-02-01
3975,黄军,wagmjqcd@hotmail.com,2021-10-11
1519,周磊,sennncbm@yahoo.com,2024-11-26
1181,罗杰,dxxiagdh@gmail.com,2021-02-09
4766,吴桂英,hzlkdaps@outlook.com,2021-10-09
6915,陈明,mpumqoxm@163.com,2023-01-28
3861,陈霞,iubofjcb@sina.com,2021-02-08
3703,黄军,pwjekyzu@gmail.com,2024-08-05
4180,周霞,llzjgmpz@hotmail.com,2024-03-06
2544,徐丽,gjbmcsde@qq.com,2021-11-01
3109,赵强,ckaiieta@qq.com,2023-05-10
4992,马勇,cekbcvtq@hotmail.com,2022-12-01
9849,马明,glkkwpdu@yahoo.com,2022-09-21
6180,马敏,gycuggqq@hotmail.com,2023-08-16
1015,马秀英,cclefyzc@126.com,2021-04-21
281,张明,jbbindnd@126.com,2020-10-19
382,刘伟,gawjtcfy@hotmail.com,2023-09-22
7787,徐秀英,lhddhkgp@hotmail.com,2023-07-03
4109,赵磊,lrzmtpen@qq.com,2021-02-12
5980,郭秀英,zjovskwg@hotmail.com,2022-11-11
7402,周杰,ueijqenn@163.com,2024-10-15
7359,杨静,dgjyhlng@163.com,2021-10-12
9214,黄勇,cspfsocb@qq.com,2024-03-19
7867,李明,arqpyojn@outlook.com,2023-08-26
1507,何磊,upbatfjr@hotmail.com,2021-11-27
8382,徐敏,ndwjkbpl@yahoo.com,2020-05-31
6684,徐丽,pzlaohhv@sina.com,2020-08-21
9081,周伟,kyhmbmco@hotmail.com,2022-02-07
3852,胡丽,wgkveskm@126.com,2020-09-18
1913,杨勇,tivxzknu@gmail.com,2020-08-11
6941,陈明,bhwcsnmr@yahoo.com,2022-10-04
1142,孙涛,dpbjyksd@yahoo.com,2024-05-22
3035,何强,cdqzqrno@126.com,2022-07-31
4342,刘洋,jlrcqhes@163.com,2024-01-16
309,马磊,uxesyser@163.com,2020-02-01
4146,王杰,rktpjwlm@sina.com,2023-08-22
3203,孙超,rvycckix@126.com,2024-03-10
9905,王艳,hcspbocc@qq.com,2021-05-11
4975,张洋,kgupisox@qq.com,2021-08-22
5650,孙伟,pfligqbd@outlook.com,2020-01-19
921,朱杰,umkdpiao@qq.com,2020-08-03
8687,刘洋,glcucadr@qq.com,2020-10-31
2235,罗刚,alzcxpkx@gmail.com,2024-06-03
3910,郭敏,ynatgofs@gmail.com,2024-07-21
4666,郭磊,dtygcghh@163.com,2023-09-27
605,何艳,xwdaqjmf@sina.com,2022-04-24
1944,何霞,hzwawwbo@hotmail.com,2021-06-28
3859,朱杰,aydfqvtc@yahoo.com,2024-06-15
5108,李静,etuyxjon@gmail.com,2021-02-07
505,马平,mvesjucl@126.com,2024-10-28
5082,郭娜,iwetktrk@yahoo.com,2023-09-26
9261,胡涛,hdtfxpwc@yahoo.com,2023-05-02
5188,黄伟,hmrqwjns@sina.com,2022-09-14
6211,孙桂英,zniluqap@sina.com,2020-11-09